{"v":"5.6.5","fr":30,"ip":0,"op":120,"w":1000,"h":1000,"nm":"Pre-comp 1","ddd":0,"assets":[],"fonts":{"list":[{"fName":"Avenir-Black","fFamily":"Avenir","fStyle":"Black","ascent":75.5996704101562}]},"layers":[{"ddd":0,"ind":1,"ty":5,"nm":"5","sr":1,"ks":{"o":{"a":0,"k":100,"ix":11},"r":{"a":0,"k":0,"ix":10},"p":{"a":1,"k":[{"i":{"x":0.667,"y":1},"o":{"x":0.333,"y":0},"t":70,"s":[388.628,548.864,0],"to":[0,-11.583,0],"ti":[0,1.75,0]},{"i":{"x":0.667,"y":1},"o":{"x":0.333,"y":0},"t":80,"s":[388.628,479.364,0],"to":[0,-1.75,0],"ti":[0,-7.167,0]},{"i":{"x":0.667,"y":1},"o":{"x":0.333,"y":0},"t":85,"s":[388.628,538.364,0],"to":[0,7.167,0],"ti":[0,2.667,0]},{"t":92,"s":[388.628,522.364,0]}],"ix":2},"a":{"a":0,"k":[20.628,0.864,0],"ix":1},"s":{"a":1,"k":[{"i":{"x":[0.548,0.505,0.667],"y":[1,1,1]},"o":{"x":[0.333,0.333,0.333],"y":[0,0,0]},"t":70,"s":[100,41,100]},{"i":{"x":[0.667,0.667,0.667],"y":[1,1,1]},"o":{"x":[0.441,0.452,0.333],"y":[0,0,0]},"t":75,"s":[65,100,100]},{"i":{"x":[0.565,0.565,0.667],"y":[1,1,1]},"o":{"x":[0.333,0.333,0.333],"y":[0,0,0]},"t":80,"s":[100,61,100]},{"i":{"x":[0.667,0.667,0.667],"y":[1,1,1]},"o":{"x":[0.539,0.333,0.333],"y":[0,0,0]},"t":85,"s":[70,100,100]},{"t":92,"s":[100,100,100]}],"ix":6}},"ao":0,"t":{"d":{"k":[{"s":{"s":72,"f":"Avenir-Black","t":"5","j":0,"tr":0,"lh":86.4,"ls":0,"fc":[1,1,1]},"t":0}]},"p":{},"m":{"g":1,"a":{"a":0,"k":[0,0],"ix":2}},"a":[]},"ip":70,"op":120,"st":50,"bm":0},{"ddd":0,"ind":2,"ty":4,"nm":"badge","sr":1,"ks":{"o":{"a":0,"k":100,"ix":11},"r":{"a":0,"k":0,"ix":10},"p":{"a":0,"k":[389.449,495.543,0],"ix":2},"a":{"a":0,"k":[-123.551,-104.563,0],"ix":1},"s":{"a":1,"k":[{"i":{"x":[0.228,0.228,0.667],"y":[1,1,1]},"o":{"x":[0.382,0.382,0.333],"y":[0,0,0]},"t":50,"s":[0,0,100]},{"i":{"x":[0.882,0.882,0.667],"y":[0.664,0.664,1]},"o":{"x":[0.728,0.728,0.333],"y":[0,0,0]},"t":57,"s":[150,150,100]},{"i":{"x":[0.372,0.372,0.833],"y":[0.879,0.879,1]},"o":{"x":[0.267,0.267,0.167],"y":[-0.874,-0.874,0]},"t":65,"s":[52,52,100]},{"t":72,"s":[100,100,100]}],"ix":6}},"ao":0,"shapes":[{"ty":"gr","it":[{"ind":0,"ty":"sh","ix":1,"ks":{"a":0,"k":{"i":[[0,-30.973],[30.973,0],[0,30.973],[-30.973,0]],"o":[[0,30.973],[-30.973,0],[0,-30.973],[30.973,0]],"v":[[-67.47,-104.563],[-123.551,-48.482],[-179.633,-104.563],[-123.551,-160.644]],"c":true},"ix":2},"nm":"Path 1","mn":"ADBE Vector Shape - Group","hd":false},{"ty":"fl","c":{"a":0,"k":[1,0.36609990737,0.36609990737,1],"ix":4},"o":{"a":0,"k":100,"ix":5},"r":1,"bm":0,"nm":"Fill 1","mn":"ADBE Vector Graphic - Fill","hd":false},{"ty":"tr","p":{"a":0,"k":[0,0],"ix":2},"a":{"a":0,"k":[0,0],"ix":1},"s":{"a":0,"k":[100,100],"ix":3},"r":{"a":0,"k":0,"ix":6},"o":{"a":0,"k":100,"ix":7},"sk":{"a":0,"k":0,"ix":4},"sa":{"a":0,"k":0,"ix":5},"nm":"Transform"}],"nm":"Group 1","np":2,"cix":2,"bm":0,"ix":1,"mn":"ADBE Vector Group","hd":false}],"ip":50,"op":120,"st":50,"bm":0},{"ddd":0,"ind":3,"ty":4,"nm":"tangan 2","sr":1,"ks":{"o":{"a":0,"k":100,"ix":11},"r":{"a":1,"k":[{"i":{"x":[0.506],"y":[1]},"o":{"x":[0.378],"y":[0]},"t":2,"s":[0]},{"i":{"x":[0.734],"y":[0.579]},"o":{"x":[0.521],"y":[0]},"t":11,"s":[-21.131]},{"i":{"x":[0.195],"y":[1]},"o":{"x":[0.221],"y":[-1.187]},"t":19,"s":[13]},{"t":32,"s":[0]}],"ix":10},"p":{"a":0,"k":[685.944,806.129,0],"ix":2},"a":{"a":0,"k":[201.355,110.469,0],"ix":1},"s":{"a":0,"k":[100,100,100],"ix":6}},"ao":0,"shapes":[{"ty":"gr","it":[{"ind":0,"ty":"sh","ix":1,"ks":{"a":0,"k":{"i":[[0,0],[0,-6.216],[-4.894,-5.419],[0,0],[0,0],[-4.346,-2.266],[-6.224,-0.187],[0,0],[-3.714,-2.374],[0,0],[-4.415,7.838],[0,0],[0,0],[0,0],[7.049,4.506],[0,0],[0,0],[0,0],[23.762,7.25],[1.01,0.279],[6.684,1.231],[0.008,0],[0.723,0.123],[0,0],[3.079,-15.124],[0,-1.897],[-7.57,-5.419],[0,0],[0,0],[0,0],[8.917,-11.355]],"o":[[-4.089,5.197],[0,6.872],[0,0],[0,0],[3.343,3.701],[5.522,2.878],[0,0],[4.406,0.133],[0,0],[7.58,4.845],[0,0],[0,0],[0,0],[4.171,-7.253],[0,0],[0,0],[0,0],[-19.804,-15.214],[-1.01,-0.312],[-6.503,-1.872],[-0.009,0],[-0.723,-0.139],[0,0],[-15.206,-2.644],[-0.394,1.897],[0,9.09],[0,0],[0,0],[0,0],[-12.341,-7.48],[0,0]],"v":[[-195.247,-42.205],[-201.355,-24.559],[-193.999,-5.421],[-174.498,16.174],[-134.479,60.495],[-122.843,69.498],[-104.933,73.99],[75.554,79.418],[87.961,83.248],[126.682,108],[148.77,102.488],[166.568,70.89],[188.844,32.168],[199.268,14.041],[194.125,-6.969],[148.367,-36.221],[148.367,-36.229],[105.868,-68.859],[39.969,-102.793],[36.947,-103.688],[17.151,-108.361],[17.126,-108.368],[14.966,-108.762],[7.601,-110.043],[-25.25,-87.628],[-25.833,-81.921],[-13.911,-58.725],[32.98,-25.127],[-92.727,-9.419],[-157.986,-48.987],[-195.247,-42.205]],"c":true},"ix":2},"nm":"Path 1","mn":"ADBE Vector Shape - Group","hd":false},{"ty":"fl","c":{"a":0,"k":[1,0.796078431373,0.745098039216,1],"ix":4},"o":{"a":0,"k":100,"ix":5},"r":1,"bm":0,"nm":"Fill 1","mn":"ADBE Vector Graphic - Fill","hd":false},{"ty":"tr","p":{"a":0,"k":[0.5,0.461],"ix":2},"a":{"a":0,"k":[0,0],"ix":1},"s":{"a":0,"k":[100,100],"ix":3},"r":{"a":0,"k":0,"ix":6},"o":{"a":0,"k":100,"ix":7},"sk":{"a":0,"k":0,"ix":4},"sa":{"a":0,"k":0,"ix":5},"nm":"Transform"}],"nm":"Group 1","np":2,"cix":2,"bm":0,"ix":1,"mn":"ADBE Vector Group","hd":false}],"ip":0,"op":120,"st":-54,"bm":0},{"ddd":0,"ind":6,"ty":4,"nm":"Mail 2","parent":3,"sr":1,"ks":{"o":{"a":0,"k":100,"ix":11},"r":{"a":0,"k":0,"ix":10},"p":{"s":true,"x":{"a":1,"k":[{"i":{"x":[0.673],"y":[0.947]},"o":{"x":[0.342],"y":[0]},"t":2,"s":[-10.409]},{"i":{"x":[0.66],"y":[0.782]},"o":{"x":[0.334],"y":[-0.072]},"t":8,"s":[-61.185]},{"i":{"x":[0.612],"y":[1]},"o":{"x":[0.341],"y":[2.194]},"t":16,"s":[-10.409]},{"i":{"x":[0.97],"y":[0.833]},"o":{"x":[0.391],"y":[0]},"t":26,"s":[-4.091]},{"t":36,"s":[-10.091]}],"ix":3},"y":{"a":1,"k":[{"i":{"x":[0.637],"y":[-0.388]},"o":{"x":[0.282],"y":[0]},"t":2,"s":[4.593]},{"i":{"x":[0.836],"y":[-5.227]},"o":{"x":[0.408],"y":[-2.076]},"t":8,"s":[7.386]},{"i":{"x":[0],"y":[1]},"o":{"x":[0.27],"y":[0.1]},"t":16,"s":[4.593]},{"i":{"x":[0.403],"y":[0.988]},"o":{"x":[1],"y":[0]},"t":26,"s":[-353.872]},{"t":36,"s":[4.628]}],"ix":4}},"a":{"a":0,"k":[-23.851,93.99,0],"ix":1},"s":{"a":1,"k":[{"i":{"x":[0.833,0.833,0.833],"y":[1,1,1]},"o":{"x":[0.333,0.333,0.333],"y":[0,0,0]},"t":2,"s":[100,100,100]},{"i":{"x":[0.789,0.511,0.667],"y":[1,1,1]},"o":{"x":[0.533,0.258,0.333],"y":[0,0,0]},"t":11,"s":[100,53.569,100]},{"i":{"x":[0.42,0.421,0.833],"y":[1,1,1]},"o":{"x":[0.436,0.598,0.167],"y":[0,0,0]},"t":26,"s":[60.328,125.679,100]},{"i":{"x":[0.638,0.575,0.833],"y":[1,1,1]},"o":{"x":[0.49,0.531,0.167],"y":[0,0,0]},"t":36,"s":[128.013,60.325,100]},{"i":{"x":[0.781,0.822,0.833],"y":[1,1,1]},"o":{"x":[0.286,0.285,0.167],"y":[0,-0.957,0]},"t":46,"s":[70.309,110.25,100]},{"t":60,"s":[100,100,100]}],"ix":6}},"ao":0,"shapes":[{"ty":"gr","it":[{"ind":0,"ty":"sh","ix":1,"ks":{"a":0,"k":{"i":[[-3.99,-12.69],[0.01,-0.01],[0.02,-0.02],[0.02,-0.03],[0,0],[22.32,-18.89],[14.88,0],[21.64,18.17],[6.9,6.75],[0.85,0.86],[3.95,4.21],[8.64,10.85],[0.02,0.03],[-6.79,6.15],[-17.59,3.74],[-1.3,0.25],[-5.94,0.75],[-22.32,-20.21]],"o":[[0,0.01],[-0.01,0.02],[-0.02,0.03],[-0.01,0],[-18.43,22.88],[-21.93,18.58],[-15.45,0],[-6.94,-5.81],[-0.86,-0.83],[-4.07,-4.01],[-10.21,-10.85],[-0.02,-0.03],[4,-12.96],[7.88,-7.14],[1.27,-0.28],[5.45,-1.06],[55.63,-7],[6.69,6.06]],"v":[[98.14,-91.63],[98.12,-91.61],[98.08,-91.55],[98.01,-91.46],[98,-91.45],[34.06,-24.95],[-23.84,6.57],[-81.93,-24.18],[-102.77,-43.13],[-105.34,-45.66],[-117.38,-58.02],[-145.95,-90.98],[-146.01,-91.06],[-129.81,-120.6],[-90.1,-136.91],[-86.24,-137.7],[-69.11,-140.41],[82.12,-120.6]],"c":true},"ix":2},"nm":"Path 1","mn":"ADBE Vector Shape - Group","hd":false},{"ty":"fl","c":{"a":0,"k":[0.811764705882,0.847058823529,0.862745098039,1],"ix":4},"o":{"a":0,"k":100,"ix":5},"r":1,"bm":0,"nm":"Fill 1","mn":"ADBE Vector Graphic - Fill","hd":false},{"ty":"tr","p":{"a":0,"k":[0,0],"ix":2},"a":{"a":0,"k":[0,0],"ix":1},"s":{"a":0,"k":[100,100],"ix":3},"r":{"a":0,"k":0,"ix":6},"o":{"a":0,"k":100,"ix":7},"sk":{"a":0,"k":0,"ix":4},"sa":{"a":0,"k":0,"ix":5},"nm":"Transform"}],"nm":"Group 1","np":2,"cix":2,"bm":0,"ix":1,"mn":"ADBE Vector Group","hd":false},{"ty":"gr","it":[{"ind":0,"ty":"sh","ix":1,"ks":{"a":0,"k":{"i":[[0,0],[41.614,0],[0,0]],"o":[[0,0],[-41.614,0],[0,0]],"v":[[98.133,-91.627],[-23.938,21.178],[-146.01,-91.061]],"c":true},"ix":2},"nm":"Path 1","mn":"ADBE Vector Shape - Group","hd":false},{"ty":"fl","c":{"a":0,"k":[0.278431385756,0.349019616842,0.380392163992,1],"ix":4},"o":{"a":0,"k":100,"ix":5},"r":1,"bm":0,"nm":"Fill 1","mn":"ADBE Vector Graphic - Fill","hd":false},{"ty":"tr","p":{"a":0,"k":[0,0],"ix":2},"a":{"a":0,"k":[0,0],"ix":1},"s":{"a":0,"k":[100,100],"ix":3},"r":{"a":0,"k":0,"ix":6},"o":{"a":0,"k":12,"ix":7},"sk":{"a":0,"k":0,"ix":4},"sa":{"a":0,"k":0,"ix":5},"nm":"Transform"}],"nm":"Group 2","np":2,"cix":2,"bm":0,"ix":2,"mn":"ADBE Vector Group","hd":false},{"ty":"gr","it":[{"ind":0,"ty":"sh","ix":1,"ks":{"a":0,"k":{"i":[[3.984,12.695],[-30.058,0],[-36.023,-45.276],[6.79,-6.153],[33.147,30.023]],"o":[[36.53,-45.406],[31.508,0],[-3.996,12.954],[-33.147,30.023],[-6.695,-6.059]],"v":[[-146.01,42.499],[-24.033,-55.703],[98.133,41.933],[81.937,71.473],[-129.991,71.473]],"c":true},"ix":2},"nm":"Path 1","mn":"ADBE Vector Shape - Group","hd":false},{"ty":"fl","c":{"a":0,"k":[0.811764705882,0.847058823529,0.862745098039,1],"ix":4},"o":{"a":0,"k":100,"ix":5},"r":1,"bm":0,"nm":"Fill 1","mn":"ADBE Vector Graphic - Fill","hd":false},{"ty":"tr","p":{"a":0,"k":[0,0],"ix":2},"a":{"a":0,"k":[0,0],"ix":1},"s":{"a":0,"k":[100,100],"ix":3},"r":{"a":0,"k":0,"ix":6},"o":{"a":0,"k":100,"ix":7},"sk":{"a":0,"k":0,"ix":4},"sa":{"a":0,"k":0,"ix":5},"nm":"Transform"}],"nm":"Group 3","np":2,"cix":2,"bm":0,"ix":3,"mn":"ADBE Vector Group","hd":false},{"ty":"gr","it":[{"ind":0,"ty":"sh","ix":1,"ks":{"a":0,"k":{"i":[[25.51,-25.36],[0.36,-0.33],[33.15,30.01],[3.99,12.71],[-1.17,28.02],[-0.06,1.19],[-0.69,5.72],[-3.04,9.82],[-6.79,6.15],[-17.59,3.74],[-1.3,0.25],[-5.94,0.75],[-22.32,-20.21],[-3.99,-12.69]],"o":[[-0.36,0.35],[-33.15,30.01],[-6.7,-6.06],[-6.88,-21.9],[0.05,-1.2],[0.33,-5.94],[1.44,-11.95],[4,-12.96],[7.88,-7.14],[1.27,-0.28],[5.45,-1.06],[55.63,-7],[6.69,6.06],[15.55,49.47]],"v":[[83.2,70.27],[82.12,71.3],[-129.81,71.3],[-145.85,42.3],[-154.42,-36.9],[-154.25,-40.5],[-152.73,-58.03],[-146.01,-91.06],[-129.81,-120.6],[-90.1,-136.91],[-86.24,-137.7],[-69.11,-140.41],[82.12,-120.6],[98.14,-91.63]],"c":true},"ix":2},"nm":"Path 1","mn":"ADBE Vector Shape - Group","hd":false},{"ty":"fl","c":{"a":0,"k":[0.711606493183,0.783423629462,0.819332107843,1],"ix":4},"o":{"a":0,"k":100,"ix":5},"r":1,"bm":0,"nm":"Fill 1","mn":"ADBE Vector Graphic - Fill","hd":false},{"ty":"tr","p":{"a":0,"k":[0.148,0.082],"ix":2},"a":{"a":0,"k":[0,0],"ix":1},"s":{"a":0,"k":[100,100],"ix":3},"r":{"a":0,"k":0,"ix":6},"o":{"a":0,"k":100,"ix":7},"sk":{"a":0,"k":0,"ix":4},"sa":{"a":0,"k":0,"ix":5},"nm":"Transform"}],"nm":"Group 4","np":2,"cix":2,"bm":0,"ix":4,"mn":"ADBE Vector Group","hd":false}],"ip":0,"op":120,"st":-54,"bm":0},{"ddd":0,"ind":7,"ty":4,"nm":"telunjuk 2","parent":3,"sr":1,"ks":{"o":{"a":0,"k":100,"ix":11},"r":{"a":0,"k":0,"ix":10},"p":{"a":0,"k":[-95.604,-15.232,0],"ix":2},"a":{"a":0,"k":[0,0,0],"ix":1},"s":{"a":0,"k":[100,100,100],"ix":6}},"ao":0,"shapes":[{"ty":"gr","it":[{"ind":0,"ty":"sh","ix":1,"ks":{"a":0,"k":{"i":[[0,0],[0,0],[-8.591,10.934],[-12.35,-7.489],[0,0]],"o":[[0,0],[-9.319,-10.321],[8.923,-11.357],[0,0],[0,0]],"v":[[50.169,49.014],[-67.069,-1.307],[-68.328,-38.096],[-31.059,-44.873],[74.432,16.312]],"c":true},"ix":2},"nm":"Path 1","mn":"ADBE Vector Shape - Group","hd":false},{"ty":"fl","c":{"a":0,"k":[0.957475490196,0.764560594746,0.716331870883,1],"ix":4},"o":{"a":0,"k":100,"ix":5},"r":1,"bm":0,"nm":"Fill 1","mn":"ADBE Vector Graphic - Fill","hd":false},{"ty":"tr","p":{"a":0,"k":[0,0],"ix":2},"a":{"a":0,"k":[0,0],"ix":1},"s":{"a":0,"k":[100,100],"ix":3},"r":{"a":0,"k":0,"ix":6},"o":{"a":0,"k":100,"ix":7},"sk":{"a":0,"k":0,"ix":4},"sa":{"a":0,"k":0,"ix":5},"nm":"Transform"}],"nm":"Group 1","np":2,"cix":2,"bm":0,"ix":1,"mn":"ADBE Vector Group","hd":false}],"ip":0,"op":120,"st":-54,"bm":0}],"markers":[],"chars":[{"ch":"5","size":72,"style":"Black","w":59.2,"data":{"shapes":[{"ty":"gr","it":[{"ind":0,"ty":"sh","ix":1,"ks":{"a":0,"k":{"i":[[0,0],[0,0],[0,0],[-2.5,0.467],[-2.467,0],[-1.934,-0.333],[-1.567,-0.9],[-0.967,-1.5],[0,-2.333],[1.9,-2],[3.2,0],[1.733,1.567],[0.4,2.534],[0,0],[-4.134,-3],[-6.134,0],[-3.3,1.133],[-2.4,2.167],[-1.367,3.134],[0,4],[1.2,2.9],[2.166,2.034],[3,1.067],[3.6,0],[1.533,-0.533],[0,0],[0,0]],"o":[[0,0],[0,0],[2.333,-0.8],[2.5,-0.466],[1.933,0],[1.933,0.334],[1.566,0.9],[0.966,1.5],[0,3.067],[-1.9,2],[-2.6,0],[-1.734,-1.566],[0,0],[1.533,6.067],[4.133,3],[3.866,0],[3.3,-1.133],[2.4,-2.166],[1.366,-3.133],[0,-3.6],[-1.2,-2.9],[-2.167,-2.033],[-3,-1.066],[-2.667,0],[0,0],[0,0],[0,0]],"v":[[51.7,-70.8],[8.9,-70.8],[8.1,-31.7],[15.35,-33.6],[22.8,-34.3],[28.6,-33.8],[33.85,-31.95],[37.65,-28.35],[39.1,-22.6],[36.25,-15],[28.6,-12],[22.1,-14.35],[18.9,-20.5],[3.2,-16.9],[11.7,-3.3],[27.1,1.2],[37.85,-0.5],[46.4,-5.45],[52.05,-13.4],[54.1,-24.1],[52.3,-33.85],[47.25,-41.25],[39.5,-45.9],[29.6,-47.5],[23.3,-46.7],[23.6,-57.6],[51.7,-57.6]],"c":true},"ix":2},"nm":"5","mn":"ADBE Vector Shape - Group","hd":false}],"nm":"5","np":3,"cix":2,"bm":0,"ix":1,"mn":"ADBE Vector Group","hd":false}]},"fFamily":"Avenir"}]}